what,kind,bundleId,bundleVersion,description,time
stopped,bundle,org.eclipse.team.ui,3.6.100.I20110525-0800,"org.eclipse.team.ui",1350174737544
stopped,bundle,org.eclipse.mylyn.wikitext.tasks.ui,1.5.0.v20110608-1400,"org.eclipse.mylyn.wikitext.tasks.ui",1350174737544
stopped,bundle,org.eclipse.mylyn.context.ui,3.6.0.v20110608-1400,"org.eclipse.mylyn.context.ui",1350174737544
stopped,bundle,org.eclipse.mylyn.help.ui,3.6.1.v20110830-0100,"org.eclipse.mylyn.help.ui",1350174737544
stopped,bundle,org.eclipse.mylyn.tasks.bugs,3.6.1.v20110825-0100,"org.eclipse.mylyn.tasks.bugs",1350174737545
stopped,bundle,org.eclipse.mylyn.tasks.ui,3.6.4.v20111117-0100,"org.eclipse.mylyn.tasks.ui",1350174737545
stopped,bundle,org.eclipse.compare,3.5.201.R37x_v20110817-0800,"org.eclipse.compare",1350174737545
stopped,bundle,org.eclipse.ui.externaltools,3.2.0.v20110506,"org.eclipse.ui.externaltools",1350174737545
stopped,bundle,org.eclipse.debug.ui,3.7.101.v20110817_r371,"org.eclipse.debug.ui",1350174737545
stopped,bundle,org.eclipse.mylyn.wikitext.ui,1.5.0.v20110608-1400,"org.eclipse.mylyn.wikitext.ui",1350174737545
stopped,bundle,org.eclipse.ui.console,3.5.100.v20110511,"org.eclipse.ui.console",1350174737546
stopped,bundle,org.eclipse.mylyn.commons.ui,3.6.1.v20110720-0100,"org.eclipse.mylyn.commons.ui",1350174737546
stopped,bundle,org.eclipse.ui.editors,3.7.0.v20110517-0800,"org.eclipse.ui.editors",1350174737552
stopped,bundle,org.eclipse.wst.common.snippets,1.2.100.v201103281740,"org.eclipse.wst.common.snippets",1350174737552
stopped,bundle,org.eclipse.ui.workbench.texteditor,3.7.0.v20110505-0800,"org.eclipse.ui.workbench.texteditor",1350174737552
stopped,bundle,org.eclipse.compare.core,3.5.200.I20110208-0800,"org.eclipse.compare.core",1350174737552
stopped,bundle,org.eclipse.emf.edit.ui,2.7.0.v20110913-1156,"org.eclipse.emf.edit.ui",1350174737552
stopped,bundle,org.eclipse.gef,3.7.1.v20110830-1143,"org.eclipse.gef",1350174737553
stopped,bundle,org.eclipse.emf.common.ui,2.7.0.v20110913-1156,"org.eclipse.emf.common.ui",1350174737553
activated,perspective,org.eclipse.jdt.ui,,"org.eclipse.jdt.ui.JavaPerspective",1350174767378
started,bundle,org.eclipse.osgi,3.7.1.R37x_v20110808-1106,"org.eclipse.osgi",1350174767380
started,bundle,org.eclipse.equinox.simpleconfigurator,1.0.200.v20110502-1955,"org.eclipse.equinox.simpleconfigurator",1350174767381
started,bundle,com.ibm.icu,4.4.2.v20110208,"com.ibm.icu",1350174767382
started,bundle,org.eclipse.compare.core,3.5.200.I20110208-0800,"org.eclipse.compare.core",1350174767382
started,bundle,org.eclipse.core.contenttype,3.4.100.v20110423-0524,"org.eclipse.core.contenttype",1350174767382
started,bundle,org.eclipse.core.databinding.observable,1.4.0.I20110222-0800,"org.eclipse.core.databinding.observable",1350174767384
started,bundle,org.eclipse.core.expressions,3.4.300.v20110228,"org.eclipse.core.expressions",1350174767384
started,bundle,org.eclipse.core.filebuffers,3.5.200.v20110505-0800,"org.eclipse.core.filebuffers",1350174767384
started,bundle,org.eclipse.core.filesystem,1.3.100.v20110423-0524,"org.eclipse.core.filesystem",1350174767384
started,bundle,org.eclipse.core.jobs,3.5.100.v20110404,"org.eclipse.core.jobs",1350174767384
started,bundle,org.eclipse.core.net,1.2.100.I20110511-0800,"org.eclipse.core.net",1350174767385
started,bundle,org.eclipse.core.resources,3.7.100.v20110510-0712,"org.eclipse.core.resources",1350174767385
started,bundle,org.eclipse.core.runtime,3.7.0.v20110110,"org.eclipse.core.runtime",1350174767385
started,bundle,org.eclipse.core.runtime.compatibility,3.2.100.v20100505,"org.eclipse.core.runtime.compatibility",1350174767386
started,bundle,org.eclipse.core.runtime.compatibility.auth,3.2.200.v20110110,"org.eclipse.core.runtime.compatibility.auth",1350174767386
started,bundle,org.eclipse.core.variables,3.2.500.v20110511,"org.eclipse.core.variables",1350174767387
started,bundle,org.eclipse.debug.core,3.7.0.v20110518,"org.eclipse.debug.core",1350174767387
started,bundle,org.eclipse.egit.core,1.1.0.201109151100-r,"org.eclipse.egit.core",1350174767390
started,bundle,org.eclipse.epp.mpc.ui,1.1.1.I20110907-0947,"org.eclipse.epp.mpc.ui",1350174767390
started,bundle,org.eclipse.epp.usagedata.gathering,1.3.1.R201106061540,"org.eclipse.epp.usagedata.gathering",1350174767390
started,bundle,org.eclipse.epp.usagedata.recording,1.3.1.R201106061540,"org.eclipse.epp.usagedata.recording",1350174767390
started,bundle,org.eclipse.equinox.app,1.3.100.v20110321,"org.eclipse.equinox.app",1350174767391
started,bundle,org.eclipse.equinox.common,3.6.0.v20110523,"org.eclipse.equinox.common",1350174767391
started,bundle,org.eclipse.equinox.ds,1.3.1.R37x_v20110701,"org.eclipse.equinox.ds",1350174767393
started,bundle,org.eclipse.equinox.event,1.2.100.v20110502,"org.eclipse.equinox.event",1350174767394
started,bundle,org.eclipse.equinox.p2.artifact.repository,1.1.101.R37x_v20110714,"org.eclipse.equinox.p2.artifact.repository",1350174767394
started,bundle,org.eclipse.equinox.p2.core,2.1.0.v20110502-1955,"org.eclipse.equinox.p2.core",1350174767395
started,bundle,org.eclipse.equinox.p2.director,2.1.0.v20110504-1715,"org.eclipse.equinox.p2.director",1350174767395
started,bundle,org.eclipse.equinox.p2.directorywatcher,1.0.300.v20110502-1955,"org.eclipse.equinox.p2.directorywatcher",1350174767396
started,bundle,org.eclipse.equinox.p2.engine,2.1.0.v20110511,"org.eclipse.equinox.p2.engine",1350174767396
started,bundle,org.eclipse.equinox.p2.extensionlocation,1.2.100.v20110510,"org.eclipse.equinox.p2.extensionlocation",1350174767396
started,bundle,org.eclipse.equinox.p2.metadata,2.1.0.v20110510,"org.eclipse.equinox.p2.metadata",1350174767397
started,bundle,org.eclipse.equinox.p2.metadata.repository,1.2.0.v20110511-1359,"org.eclipse.equinox.p2.metadata.repository",1350174767397
started,bundle,org.eclipse.equinox.p2.operations,2.1.0.v20110511-1821,"org.eclipse.equinox.p2.operations",1350174767398
started,bundle,org.eclipse.equinox.p2.publisher,1.2.0.v20110511,"org.eclipse.equinox.p2.publisher",1350174767399
started,bundle,org.eclipse.equinox.p2.reconciler.dropins,1.1.100.v20110510,"org.eclipse.equinox.p2.reconciler.dropins",1350174767399
started,bundle,org.eclipse.equinox.p2.repository,2.1.0.v20110601,"org.eclipse.equinox.p2.repository",1350174767399
started,bundle,org.eclipse.equinox.p2.touchpoint.eclipse,2.1.1.R37x_v20110815-0935,"org.eclipse.equinox.p2.touchpoint.eclipse",1350174767400
started,bundle,org.eclipse.equinox.p2.ui.sdk.scheduler,1.0.100.v20110502-1955,"org.eclipse.equinox.p2.ui.sdk.scheduler",1350174767400
started,bundle,org.eclipse.equinox.p2.updatechecker,1.1.200.v20110502-1955,"org.eclipse.equinox.p2.updatechecker",1350174767400
started,bundle,org.eclipse.equinox.preferences,3.4.1.R37x_v20110725,"org.eclipse.equinox.preferences",1350174767400
started,bundle,org.eclipse.equinox.registry,3.5.101.R37x_v20110810-1611,"org.eclipse.equinox.registry",1350174767400
started,bundle,org.eclipse.equinox.security,1.1.1.R37x_v20110822-1018,"org.eclipse.equinox.security",1350174767400
started,bundle,org.eclipse.equinox.util,1.0.300.v20110502,"org.eclipse.equinox.util",1350174767401
started,bundle,org.eclipse.help,3.5.100.v20110426,"org.eclipse.help",1350174767401
started,bundle,org.eclipse.jdt.apt.core,3.3.500.v20110420-1015,"org.eclipse.jdt.apt.core",1350174767401
started,bundle,org.eclipse.jdt.apt.pluggable.core,1.0.400.v20110305-1450,"org.eclipse.jdt.apt.pluggable.core",1350174767402
started,bundle,org.eclipse.jdt.core,3.7.1.v_B76_R37x,"org.eclipse.jdt.core",1350174767402
started,bundle,org.eclipse.jdt.core.manipulation,1.4.0.v20110505-0800,"org.eclipse.jdt.core.manipulation",1350174767402
started,bundle,org.eclipse.jdt.junit,3.7.0.v20110505-0800,"org.eclipse.jdt.junit",1350174767402
started,bundle,org.eclipse.jdt.launching,3.6.1.v20110803_r371,"org.eclipse.jdt.launching",1350174767402
started,bundle,org.eclipse.jdt.ui,3.7.1.r371_v20110824-0800,"org.eclipse.jdt.ui",1350174767402
started,bundle,org.eclipse.jface,3.7.0.I20110522-1430,"org.eclipse.jface",1350174767402
started,bundle,org.eclipse.jgit,1.1.0.201109151100-r,"org.eclipse.jgit",1350174767402
started,bundle,org.eclipse.jsch.core,1.1.300.I20110514-0800,"org.eclipse.jsch.core",1350174767402
started,bundle,org.eclipse.ltk.core.refactoring,3.5.201.r371_v20110824-0800,"org.eclipse.ltk.core.refactoring",1350174767402
started,bundle,org.eclipse.ltk.ui.refactoring,3.6.0.v20110505-0800,"org.eclipse.ltk.ui.refactoring",1350174767402
started,bundle,org.eclipse.m2e.logback.configuration,1.0.100.20110804-1717,"org.eclipse.m2e.logback.configuration",1350174767402
started,bundle,org.eclipse.mylyn.bugzilla.ui,3.6.0.v20110608-1400,"org.eclipse.mylyn.bugzilla.ui",1350174767402
started,bundle,org.eclipse.mylyn.commons.identity,0.8.0.v20110608-1400,"org.eclipse.mylyn.commons.identity",1350174767403
started,bundle,org.eclipse.mylyn.commons.net,3.6.0.v20110608-1400,"org.eclipse.mylyn.commons.net",1350174767403
started,bundle,org.eclipse.mylyn.commons.ui,3.6.1.v20110720-0100,"org.eclipse.mylyn.commons.ui",1350174767404
started,bundle,org.eclipse.mylyn.context.core,3.6.1.v20110720-0100,"org.eclipse.mylyn.context.core",1350174767404
started,bundle,org.eclipse.mylyn.context.ui,3.6.0.v20110608-1400,"org.eclipse.mylyn.context.ui",1350174767404
started,bundle,org.eclipse.mylyn.monitor.ui,3.6.0.v20110608-1400,"org.eclipse.mylyn.monitor.ui",1350174767404
started,bundle,org.eclipse.mylyn.team.ui,3.6.1.v20110825-0100,"org.eclipse.mylyn.team.ui",1350174767404
started,bundle,org.eclipse.search,3.7.0.v20110505-0800,"org.eclipse.search",1350174767404
started,bundle,org.eclipse.team.core,3.6.0.I20110525-0800,"org.eclipse.team.core",1350174767404
started,bundle,org.eclipse.team.cvs.core,3.3.400.I20110510-0800,"org.eclipse.team.cvs.core",1350174767404
started,bundle,org.eclipse.team.cvs.ui,3.3.400.I20110510-0800,"org.eclipse.team.cvs.ui",1350174767404
started,bundle,org.eclipse.team.ui,3.6.100.I20110525-0800,"org.eclipse.team.ui",1350174767404
started,bundle,org.eclipse.ui,3.7.0.I20110602-0100,"org.eclipse.ui",1350174767404
started,bundle,org.eclipse.ui.console,3.5.100.v20110511,"org.eclipse.ui.console",1350174767404
started,bundle,org.eclipse.ui.editors,3.7.0.v20110517-0800,"org.eclipse.ui.editors",1350174767404
started,bundle,org.eclipse.ui.forms,3.5.100.v20110425,"org.eclipse.ui.forms",1350174767405
started,bundle,org.eclipse.ui.ide,3.7.0.v20110809-1737,"org.eclipse.ui.ide",1350174767405
started,bundle,org.eclipse.ui.intro,3.4.100.v20110425,"org.eclipse.ui.intro",1350174767405
started,bundle,org.eclipse.ui.intro.universal,3.2.500.v20110510,"org.eclipse.ui.intro.universal",1350174767405
started,bundle,org.eclipse.ui.net,1.2.100.I20110511-0800,"org.eclipse.ui.net",1350174767405
started,bundle,org.eclipse.ui.views,3.6.0.I20110412-0800,"org.eclipse.ui.views",1350174767405
started,bundle,org.eclipse.ui.workbench,3.7.0.I20110519-0100,"org.eclipse.ui.workbench",1350174767405
started,bundle,org.eclipse.ui.workbench.texteditor,3.7.0.v20110505-0800,"org.eclipse.ui.workbench.texteditor",1350174767405
started,bundle,org.eclipse.update.configurator,3.3.100.v20100512,"org.eclipse.update.configurator",1350174767406
started,bundle,org.eclipse.update.core,3.2.500.v20110330,"org.eclipse.update.core",1350174767406
started,bundle,org.eclipse.update.scheduler,3.2.300.v20100512,"org.eclipse.update.scheduler",1350174767406
started,bundle,org.eclipse.wb.core,1.1.0.r37x201109091012,"org.eclipse.wb.core",1350174767406
started,bundle,org.eclipse.wb.core.lib,1.1.0.r37x201109091012,"org.eclipse.wb.core.lib",1350174767407
started,bundle,org.eclipse.wb.discovery.core,1.1.0.r37x201109091028,"org.eclipse.wb.discovery.core",1350174767408
started,bundle,org.eclipse.wb.discovery.ui,1.1.0.r37x201109091028,"org.eclipse.wb.discovery.ui",1350174767409
started,bundle,org.eclipse.mylyn.bugzilla.core,3.6.4.v20111106-0100,"org.eclipse.mylyn.bugzilla.core",1350174767409
started,bundle,org.eclipse.mylyn.tasks.ui,3.6.4.v20111117-0100,"org.eclipse.mylyn.tasks.ui",1350174767409
started,bundle,org.eclipse.team.svn.core,0.7.9.I20110819-1700,"org.eclipse.team.svn.core",1350174767409
started,bundle,org.eclipse.team.svn.mylyn,0.7.9.I20110318-1700,"org.eclipse.team.svn.mylyn",1350174767409
started,bundle,org.eclipse.team.svn.ui,0.7.9.I20110819-1700,"org.eclipse.team.svn.ui",1350174767409
started,bundle,org.polarion.eclipse.team.svn.connector.svnkit16,2.2.2.I20110819-1700,"org.polarion.eclipse.team.svn.connector.svnkit16",1350174767409
started,bundle,com.vectrace.MercurialEclipse,1.9.1.v201111302231,"com.vectrace.MercurialEclipse",1350174767409
started,bundle,com.android.ide.eclipse.adt,20.0.3.v201208082019-427395,"com.android.ide.eclipse.adt",1350174767409
started,bundle,com.android.ide.eclipse.base,20.0.3.v201208082019-427395,"com.android.ide.eclipse.base",1350174767409
os,sysinfo,,,"win32",1350174767415
arch,sysinfo,,,"x86_64",1350174767415
ws,sysinfo,,,"win32",1350174767415
locale,sysinfo,,,"en_US",1350174767415
processors,sysinfo,,,"4",1350174767415
java.runtime.name,sysinfo,,,"Java(TM) SE Runtime Environment",1350174767415
java.runtime.version,sysinfo,,,"1.6.0_21-b07",1350174767415
java.specification.name,sysinfo,,,"Java Platform API Specification",1350174767415
java.specification.vendor,sysinfo,,,"Sun Microsystems Inc.",1350174767415
java.specification.version,sysinfo,,,"1.6",1350174767415
java.vendor,sysinfo,,,"Sun Microsystems Inc.",1350174767415
java.version,sysinfo,,,"1.6.0_21",1350174767415
java.vm.info,sysinfo,,,"mixed mode",1350174767415
java.vm.name,sysinfo,,,"Java HotSpot(TM) 64-Bit Server VM",1350174767415
java.vm.specification.name,sysinfo,,,"Java Virtual Machine Specification",1350174767415
java.vm.specification.vendor,sysinfo,,,"Sun Microsystems Inc.",1350174767415
java.vm.specification.version,sysinfo,,,"1.0",1350174767415
java.vm.vendor,sysinfo,,,"Sun Microsystems Inc.",1350174767415
java.vm.version,sysinfo,,,"17.0-b17",1350174767415
started,bundle,org.eclipse.m2e.usagedata,1.0.100.20110804-1717,"org.eclipse.m2e.usagedata",1350174767429
started,bundle,org.eclipse.egit.ui,1.1.0.201109151100-r,"org.eclipse.egit.ui",1350174767430
started,bundle,org.eclipse.team.svn.revision.graph,0.7.9.I20110318-1700,"org.eclipse.team.svn.revision.graph",1350174767481
started,bundle,org.eclipse.cdt.make.core,7.1.2.201202111925,"org.eclipse.cdt.make.core",1350174767573
started,bundle,org.eclipse.cdt.managedbuilder.core,8.0.2.201202111925,"org.eclipse.cdt.managedbuilder.core",1350174767619
started,bundle,org.eclipse.cdt.core,5.3.2.201202111925,"org.eclipse.cdt.core",1350174767701
started,bundle,com.android.ide.eclipse.ddms,20.0.3.v201208082019-427395,"com.android.ide.eclipse.ddms",1350174767769
started,bundle,org.eclipse.cdt.codan.ui.cxx,2.0.0.201202111925,"org.eclipse.cdt.codan.ui.cxx",1350174767838
started,bundle,org.eclipse.cdt.ui,5.3.2.201202111925,"org.eclipse.cdt.ui",1350174768500
started,bundle,org.eclipse.cdt.codan.core.cxx,1.0.0.201202111925,"org.eclipse.cdt.codan.core.cxx",1350174768523
started,bundle,org.eclipse.cdt.codan.core,2.0.0.201202111925,"org.eclipse.cdt.codan.core",1350174768523
started,bundle,org.eclipse.cdt.make.ui,7.1.2.201202111925,"org.eclipse.cdt.make.ui",1350174768526
started,bundle,org.eclipse.cdt.codan.checkers,1.0.1.201202111925,"org.eclipse.cdt.codan.checkers",1350174768546
started,bundle,org.eclipse.wst.sse.core,1.1.602.v201112071516,"org.eclipse.wst.sse.core",1350174771641
started,bundle,org.eclipse.wst.sse.ui,1.3.2.v201201041522,"org.eclipse.wst.sse.ui",1350174771647
started,bundle,org.eclipse.wst.xml.ui,1.1.202.v201112071516,"org.eclipse.wst.xml.ui",1350174771648
opened,editor,org.eclipse.jdt.ui,3.7.1.r371_v20110824-0800,"org.eclipse.jdt.ui.CompilationUnitEditor",1350174771749
started,bundle,org.eclipse.m2e.core,1.0.100.20110804-1717,"org.eclipse.m2e.core",1350174772839
opened,view,org.eclipse.ui.console,3.5.100.v20110511,"org.eclipse.ui.console.ConsoleView",1350174773051
activated,editor,org.eclipse.jdt.ui,3.7.1.r371_v20110824-0800,"org.eclipse.jdt.ui.CompilationUnitEditor",1350174773119
started,bundle,com.android.ide.eclipse.traceview,20.0.3.v201208082019-427395,"com.android.ide.eclipse.traceview",1350174774486
error,log,,,"Unable to update index for central|http://repo1.maven.org/maven2",1350174776262
started,bundle,org.eclipse.debug.ui,3.7.101.v20110817_r371,"org.eclipse.debug.ui",1350174776366
started,bundle,org.eclipse.cdt.dsf,2.2.0.201202111925,"org.eclipse.cdt.dsf",1350174776379
started,bundle,org.eclipse.cdt.dsf.gdb,4.0.2.201202111925,"org.eclipse.cdt.dsf.gdb",1350174776380
started,bundle,org.eclipse.cdt.dsf.gdb.ui,2.2.1.201202111925,"org.eclipse.cdt.dsf.gdb.ui",1350174776381
started,bundle,org.eclipse.jdt.debug,3.7.1.v20110802_r371,"org.eclipse.jdt.debug",1350174793615
started,bundle,org.eclipse.jdt.debug.ui,3.6.1.v20110803_r371,"org.eclipse.jdt.debug.ui",1350174793860
started,bundle,org.eclipse.ui.navigator,3.5.100.v20110809-2227,"org.eclipse.ui.navigator",1350174793934
activated,editor,org.eclipse.jdt.ui,3.7.1.r371_v20110824-0800,"org.eclipse.jdt.ui.CompilationUnitEditor",1350174794169
deactivated,workbench,org.eclipse.ui.workbench,3.7.0.I20110519-0100,"",1350174799576
activated,workbench,org.eclipse.ui.workbench,3.7.0.I20110519-0100,"",1350174799666
deactivated,workbench,org.eclipse.ui.workbench,3.7.0.I20110519-0100,"",1350174799678
activated,workbench,org.eclipse.ui.workbench,3.7.0.I20110519-0100,"",1350174830472
deactivated,workbench,org.eclipse.ui.workbench,3.7.0.I20110519-0100,"",1350174837949
activated,workbench,org.eclipse.ui.workbench,3.7.0.I20110519-0100,"",1350174838117
executed,command,,,"AUTOGEN:::org.eclipse.jdt.internal.ui.CompilationUnitEditor.ruler.actions/org.eclipse.jdt.internal.ui.javaeditor.JavaSelectRulerAction",1350174843816
deactivated,workbench,org.eclipse.ui.workbench,3.7.0.I20110519-0100,"",1350174848280
activated,workbench,org.eclipse.ui.workbench,3.7.0.I20110519-0100,"",1350174848496
deactivated,workbench,org.eclipse.ui.workbench,3.7.0.I20110519-0100,"",1350174848986
activated,workbench,org.eclipse.ui.workbench,3.7.0.I20110519-0100,"",1350174873692
executed,command,org.eclipse.ui,3.7.0.I20110602-0100,"org.eclipse.ui.edit.undo",1350174882280
deactivated,workbench,org.eclipse.ui.workbench,3.7.0.I20110519-0100,"",1350174888375
activated,workbench,org.eclipse.ui.workbench,3.7.0.I20110519-0100,"",1350174889910
deactivated,workbench,org.eclipse.ui.workbench,3.7.0.I20110519-0100,"",1350174890013
activated,workbench,org.eclipse.ui.workbench,3.7.0.I20110519-0100,"",1350174891821
deactivated,workbench,org.eclipse.ui.workbench,3.7.0.I20110519-0100,"",1350174891993
activated,workbench,org.eclipse.ui.workbench,3.7.0.I20110519-0100,"",1350174923296
activated,view,org.eclipse.jdt.ui,3.7.1.r371_v20110824-0800,"org.eclipse.jdt.ui.PackageExplorer",1350174925277
activated,editor,org.eclipse.jdt.ui,3.7.1.r371_v20110824-0800,"org.eclipse.jdt.ui.CompilationUnitEditor",1350174929755
executed,command,org.eclipse.ui,3.7.0.I20110602-0100,"org.eclipse.ui.edit.selectAll",1350174930898
executed,command,org.eclipse.ui,3.7.0.I20110602-0100,"org.eclipse.ui.edit.copy",1350174931908
activated,editor,org.eclipse.jdt.ui,3.7.1.r371_v20110824-0800,"org.eclipse.jdt.ui.CompilationUnitEditor",1350174932856
executed,command,org.eclipse.ui,3.7.0.I20110602-0100,"org.eclipse.ui.edit.selectAll",1350174933839
executed,command,org.eclipse.ui,3.7.0.I20110602-0100,"org.eclipse.ui.edit.paste",1350174934326
activated,view,org.eclipse.jdt.ui,3.7.1.r371_v20110824-0800,"org.eclipse.jdt.ui.PackageExplorer",1350174942997
started,bundle,org.eclipse.compare,3.5.201.R37x_v20110817-0800,"org.eclipse.compare",1350174943894
deactivated,workbench,org.eclipse.ui.workbench,3.7.0.I20110519-0100,"",1350174946419
closed,editor,org.eclipse.jdt.ui,3.7.1.r371_v20110824-0800,"org.eclipse.jdt.ui.CompilationUnitEditor",1350174953490
activated,workbench,org.eclipse.ui.workbench,3.7.0.I20110519-0100,"",1350174953578
executed,command,org.eclipse.ltk.ui.refactoring,3.6.0.v20110505-0800,"org.eclipse.ltk.ui.refactoring.commands.deleteResources",1350174953591
executed,command,org.eclipse.ui,3.7.0.I20110602-0100,"org.eclipse.ui.edit.delete",1350174953591
deactivated,workbench,org.eclipse.ui.workbench,3.7.0.I20110519-0100,"",1350174966591
activated,workbench,org.eclipse.ui.workbench,3.7.0.I20110519-0100,"",1350174972130
deactivated,workbench,org.eclipse.ui.workbench,3.7.0.I20110519-0100,"",1350174973817
activated,workbench,org.eclipse.ui.workbench,3.7.0.I20110519-0100,"",1350174973848
deactivated,workbench,org.eclipse.ui.workbench,3.7.0.I20110519-0100,"",1350174973855
activated,workbench,org.eclipse.ui.workbench,3.7.0.I20110519-0100,"",1350174986212
deactivated,workbench,org.eclipse.ui.workbench,3.7.0.I20110519-0100,"",1350175001106
activated,workbench,org.eclipse.ui.workbench,3.7.0.I20110519-0100,"",1350175043243
activated,view,org.eclipse.mylyn.tasks.ui,3.6.4.v20111117-0100,"org.eclipse.mylyn.tasks.ui.views.tasks",1350175043287
deactivated,workbench,org.eclipse.ui.workbench,3.7.0.I20110519-0100,"",1350175061608
activated,workbench,org.eclipse.ui.workbench,3.7.0.I20110519-0100,"",1350175061659
deactivated,workbench,org.eclipse.ui.workbench,3.7.0.I20110519-0100,"",1350175061668
activated,workbench,org.eclipse.ui.workbench,3.7.0.I20110519-0100,"",1350175498935
deactivated,workbench,org.eclipse.ui.workbench,3.7.0.I20110519-0100,"",1350175505690
activated,workbench,org.eclipse.ui.workbench,3.7.0.I20110519-0100,"",1350175529311
activated,view,org.eclipse.jdt.ui,3.7.1.r371_v20110824-0800,"org.eclipse.jdt.ui.PackageExplorer",1350175530858
activated,editor,org.eclipse.jdt.ui,3.7.1.r371_v20110824-0800,"org.eclipse.jdt.ui.CompilationUnitEditor",1350175532006
deactivated,workbench,org.eclipse.ui.workbench,3.7.0.I20110519-0100,"",1350175537502
activated,workbench,org.eclipse.ui.workbench,3.7.0.I20110519-0100,"",1350175551410
activated,view,org.eclipse.mylyn.tasks.ui,3.6.4.v20111117-0100,"org.eclipse.mylyn.tasks.ui.views.tasks",1350175551444
activated,view,org.eclipse.jdt.ui,3.7.1.r371_v20110824-0800,"org.eclipse.jdt.ui.PackageExplorer",1350175552602
closed,workbench,org.eclipse.ui.workbench,3.7.0.I20110519-0100,"",1350175561852
stopped,bundle,org.eclipse.m2e.logback.configuration,1.0.100.20110804-1717,"org.eclipse.m2e.logback.configuration",1350175562308
stopped,bundle,org.eclipse.m2e.discovery,1.0.100.20110804-1717,"org.eclipse.m2e.discovery",1350175562308
stopped,bundle,org.eclipse.m2e.refactoring,1.0.100.20110804-1717,"org.eclipse.m2e.refactoring",1350175562309
stopped,bundle,org.eclipse.m2e.editor,1.0.100.20110804-1717,"org.eclipse.m2e.editor",1350175562309
stopped,bundle,org.eclipse.m2e.editor.xml,1.0.100.20110804-1717,"org.eclipse.m2e.editor.xml",1350175562309
stopped,bundle,org.eclipse.m2e.jdt,1.0.100.20110804-1717,"org.eclipse.m2e.jdt",1350175562309
stopped,bundle,org.eclipse.m2e.launching,1.0.100.20110804-1717,"org.eclipse.m2e.launching",1350175562309
stopped,bundle,org.eclipse.m2e.usagedata,1.0.100.20110804-1717,"org.eclipse.m2e.usagedata",1350175562309
stopped,bundle,com.android.ide.eclipse.ndk,20.0.3.v201208082019-427395,"com.android.ide.eclipse.ndk",1350175562309
stopped,bundle,overlay.com.android.ide.eclipse.adt.overlay,20.0.3.v201208082019-427395,"overlay.com.android.ide.eclipse.adt.overlay",1350175562309
stopped,bundle,com.android.ide.eclipse.adt,20.0.3.v201208082019-427395,"com.android.ide.eclipse.adt",1350175562315
stopped,bundle,org.eclipse.cdt,8.0.2.201202111925,"org.eclipse.cdt",1350175562316
stopped,bundle,org.eclipse.cdt.doc.user,5.1.1.201202111925,"org.eclipse.cdt.doc.user",1350175562316
stopped,bundle,org.eclipse.ui.cheatsheets,3.4.100.v20110425,"org.eclipse.ui.cheatsheets",1350175562316
stopped,bundle,org.eclipse.help.ui,3.5.101.r37_20110819,"org.eclipse.help.ui",1350175562316
stopped,bundle,org.eclipse.help.webapp,3.6.0.v20110518,"org.eclipse.help.webapp",1350175562316
stopped,bundle,org.eclipse.epp.mpc.ui,1.1.1.I20110907-0947,"org.eclipse.epp.mpc.ui",1350175562316
stopped,bundle,org.eclipse.epp.usagedata.ui,1.3.1.R201106061540,"org.eclipse.epp.usagedata.ui",1350175562316
stopped,bundle,org.eclipse.ui.intro.universal,3.2.500.v20110510,"org.eclipse.ui.intro.universal",1350175562316
stopped,bundle,org.eclipse.ui.intro,3.4.100.v20110425,"org.eclipse.ui.intro",1350175562317
stopped,bundle,org.eclipse.help.base,3.6.1.v201109091335,"org.eclipse.help.base",1350175562317
stopped,bundle,org.eclipse.equinox.http.jetty,2.0.100.v20110502,"org.eclipse.equinox.http.jetty",1350175562318
stopped,bundle,org.eclipse.m2e.core.ui,1.0.100.20110804-1717,"org.eclipse.m2e.core.ui",1350175562318
stopped,bundle,org.eclipse.m2e.core,1.0.100.20110804-1717,"org.eclipse.m2e.core",1350175562332
stopped,bundle,org.eclipse.mylyn.ide.ant,3.6.0.v20110608-1400,"org.eclipse.mylyn.ide.ant",1350175562332
stopped,bundle,org.eclipse.ant.ui,3.5.100.v20110510,"org.eclipse.ant.ui",1350175562332
stopped,bundle,org.eclipse.ant.launching,1.0.100.v20110506,"org.eclipse.ant.launching",1350175562333
stopped,bundle,org.eclipse.compare.win32,1.0.200.I20110510-0800,"org.eclipse.compare.win32",1350175562333
stopped,bundle,org.eclipse.egit.mylyn.ui,1.1.0.201109151100-r,"org.eclipse.egit.mylyn.ui",1350175562333
stopped,bundle,org.eclipse.egit.ui,1.1.0.201109151100-r,"org.eclipse.egit.ui",1350175562333
stopped,bundle,org.eclipse.equinox.p2.ui.sdk,1.0.200.v20110502-1955,"org.eclipse.equinox.p2.ui.sdk",1350175562333
stopped,bundle,org.eclipse.mylyn.java.tasks,3.6.0.v20110608-1400,"org.eclipse.mylyn.java.tasks",1350175562334
stopped,bundle,org.eclipse.mylyn.java.ui,3.6.0.v20110608-1400,"org.eclipse.mylyn.java.ui",1350175562334
stopped,bundle,org.eclipse.jdt.junit,3.7.0.v20110505-0800,"org.eclipse.jdt.junit",1350175562334
stopped,bundle,org.eclipse.jdt.apt.ui,3.3.300.v20110305-1450,"org.eclipse.jdt.apt.ui",1350175562334
stopped,bundle,org.eclipse.jdt.debug.ui,3.6.1.v20110803_r371,"org.eclipse.jdt.debug.ui",1350175562385
stopped,bundle,org.eclipse.wb.swing.databinding,1.1.0.r37x201109091143,"org.eclipse.wb.swing.databinding",1350175562385
stopped,bundle,org.eclipse.wb.core.databinding,1.1.0.r37x201109091012,"org.eclipse.wb.core.databinding",1350175562385
stopped,bundle,org.eclipse.wb.swing.FormLayout,1.1.0.r37x201109091143,"org.eclipse.wb.swing.FormLayout",1350175562385
stopped,bundle,org.eclipse.wb.swing.MigLayout,1.1.0.r37x201109091143,"org.eclipse.wb.swing.MigLayout",1350175562386
stopped,bundle,org.eclipse.wb.swing.java6,1.1.0.r37x201109091143,"org.eclipse.wb.swing.java6",1350175562386
stopped,bundle,org.eclipse.wb.swing.jsr296,1.1.0.r37x201109091143,"org.eclipse.wb.swing.jsr296",1350175562386
stopped,bundle,org.eclipse.wb.swing,1.1.0.r37x201109091143,"org.eclipse.wb.swing",1350175562386
stopped,bundle,org.eclipse.wb.core.ui,1.1.0.r37x201109091028,"org.eclipse.wb.core.ui",1350175562386
stopped,bundle,org.eclipse.wb.layout.group,1.1.0.r37x201109091112,"org.eclipse.wb.layout.group",1350175562386
stopped,bundle,org.eclipse.wb.os.win32,1.1.0.r37x201109091012,"org.eclipse.wb.os.win32",1350175562386
stopped,bundle,org.eclipse.wb.core,1.1.0.r37x201109091012,"org.eclipse.wb.core",1350175562386
stopped,bundle,org.eclipse.jdt.ui,3.7.1.r371_v20110824-0800,"org.eclipse.jdt.ui",1350175562399
